djdeathrow,6b1c2afb-b9df-436e-8c36-8fd73aa5e45f
snouzuless,47b29ff7-bff7-461f-8402-748654ebd53a
twinsane1029,84c6c5c9-0a73-4b84-a127-37161c243d3c
thinklovery,db51be34-3056-47b2-9673-642bca48f827
tumblegamer,554a961a-0908-428d-bf07-a1568d0d8547
xvaltrux,9d41cc84-c13a-41c5-b5b2-8456053df895
pilot1935,ed3da99e-e043-47c6-ae13-8d0def879929
opdetinator,ad3a1f10-dbcf-46d8-996a-31240411baa9
jjdagreat,ca34a678-499f-4ce4-a25e-e2232c375865
prototype464,4165a543-ecc1-433c-84c0-cccf73650955
alm47,74e3df08-42d9-49c5-a985-6b0e1f9a7927
thornmonkey,ecbf68bb-ef21-4310-b0be-36e11f4e89ae
aesyr,1f81047c-ccd3-4414-b840-3c9e47036909
staffisrettarded,7e5927f6-0d7d-4846-bc82-30caaca4465f
wolfyblox589,e88d2137-402d-4c7c-ab30-29c89d5b261f
getmemoney,12a68a0d-0b28-4b2d-8470-7a2b664a7482
sandogo,d33aa173-7496-4781-ac83-af49ebe7385e
marionette_girl1,6c164d7c-c60d-40dc-9858-5268519e6023
jonathan1q2w3e4r,f31fe97d-6ca0-4b78-bad4-d390236e79e2
antrius2001,194e1eea-3ab3-4a24-a3e6-3698eb7804c4
drbatmanwho,019c39a2-24ce-4563-b04b-c094c9bee042
fiddle_sticks,d9c19d45-4c66-4997-93a6-36c454365890
itsmako,201e6f91-2ea6-4a86-aed8-de65904d9ae3
libreboot,446c5efe-02ef-4dc8-9964-809091d00205
natanni,58e5399b-3adf-49df-8dba-391de825147b
nnoid,0f7c5131-9828-4ee9-a094-da5f67110b44
frank_tonylani,389727af-149f-46c0-891e-eb50210b99ae
abrasiverose,c31593a2-12f8-4abf-b5f9-2670376fd8c9
ashlynz_,cb380fa7-e260-4b58-b33a-c17fbb5196d7
jakt,dcf20b5a-df89-4555-99a6-fb224bd88079
foozyo,ded32647-a8da-43af-9d42-b5bb76b2dcdc
jacobj1998,1ddfcd88-7015-42b3-a518-7139a2807e05
potatenoverlord,18980081-f831-44ad-ab28-609f1e0f0437
im22,4104ed29-de30-4aef-b9c6-19cdc7b1bec5
santi13456575,3bd05096-e52b-3251-a73d-b3cae7d26165
djb1011,37e6bd3a-0e16-4d05-95e3-988d32576a1c
xgk,a8e37e40-b4fe-4a77-ab37-e473b32c8303
fallen72,2ea8f1cf-d8e2-4ca1-8496-44d2d2368e6b
driplo,f5cf9ede-d443-4f14-b396-ea1417f2aa57
meandelsa,8215489c-202e-4c0d-ab66-e8f82a42bff5
jonhobbitton,b133ed03-8276-41c2-96ba-ec6cc8ad0df9
dragozal,b9516080-2854-4469-be3a-836981881721
exgeekay,ed636878-2da4-4766-a966-f14e0d89b2db
emphasizinq,4887762c-73ca-4c42-b830-9c79081bd50d
untrimmed,ab980a7f-d1da-48e1-8007-4ae6b52aaef1
minetl,06322fe2-300f-41b2-a328-2b3d30cf02a9
funman123,895b92f9-ce11-40d5-b449-02296cad9f22
emmapowee,30b98f1f-49f5-4d05-91c1-7f0ce9eda2a7
minitecno,6e97e76b-23c0-4745-80b2-b64cef10e602
maxwell_plays,0a531873-df03-4a82-afae-1bdd41e18fc2
saltytaco23,83b91ca2-36cc-402b-a9a3-b8361d156efb
